{"params": {"alpha": 1.0, "class_prior": null, "fit_prior": true}, "model": "NaiveBayes", "accuracy": 0.34299443907156674, "precision": 0.10060012635022283, "recall": 0.029638029973091395}